{
  "episode": [
    12350,
    20100,
    28350,
    40000,
    46350,
    47800,
    48200
  ],
  "success_rate": [
    0.64,
    0.6,
    0.7,
    0.88,
    0.78,
    0.8,
    0.86
  ],
  "curriculum_level": [
    8,
    11,
    28,
    123,
    207,
    220,
    223
  ],
  "actor_loss": [
    -0.006266301934374496,
    -0.0033763679821277037,
    -0.004056034355016891,
    -0.00664279617194552,
    -0.0039886692247819155,
    -0.0014565747551387176,
    -0.004622949760232586
  ],
  "critic_loss": [
    2.4856054382398725,
    1.2478378704981878,
    1.2806504897307605,
    0.7604834705416579,
    0.9676213818602264,
    1.052008505910635,
    1.0346521481405944
  ],
  "entropy": [
    0.5532215496059507,
    0.3883380407933146,
    0.3018322241259739,
    0.3540381764760241,
    0.37855366501025856,
    0.37406943598762155,
    0.3955027568154037
  ],
  "mean_omega": [
    0.9983924031257629,
    0.9983848333358765,
    0.9983953237533569,
    0.9983915090560913,
    0.9983956813812256,
    0.9983921051025391,
    0.9983994960784912
  ],
  "mean_eps": [
    0.19946441054344177,
    0.1994618922472,
    0.19946539402008057,
    0.1994641274213791,
    0.19946549832820892,
    0.199464350938797,
    0.1994667798280716
  ]
}